"Topic","Count","Name","Representation"
"-1","7802","-1_get_one_time_really","['get', 'one', 'time', 'really', 'know', 'even', 'good', 'see', 'much', 'also']"
"0","982","0_pvp_use_super_titan","['pvp', 'use', 'super', 'titan', 'damage', 'warlock', 'hunter', 'pve', 'good', 'ammo']"
"1","912","1_level_exotic_gear_engrams","['level', 'exotic', 'gear', 'engrams', 'light', 'get', 'drop', 'exotics', 'got', 'powerful']"
"2","817","2_automatically_submission_please_please contact","['automatically', 'submission', 'please', 'please contact', 'compose questions', 'moderators subreddit', 'automatically please', 'contact moderators', 'bot action', 'subreddit message']"
"3","644","3_heroes_era_maps_wars","['heroes', 'era', 'maps', 'wars', 'star', 'map', 'clone', 'clone wars', 'jedi', 'anakin']"
"4","609","4_ea_credits_money_buy","['ea', 'credits', 'money', 'buy', 'loot', 'crates', 'pay', 'system', 'boxes', 'cards']"
"5","572","5_wars_star_star wars_battlefield","['wars', 'star', 'star wars', 'battlefield', 'dice', 'ea', 'dlc', 'maps', 'content', 'even']"
"6","348","6_clan_looking_join_bungie net","['clan', 'looking', 'join', 'bungie net', 'groupid', 'www bungie', 'clanv2', 'net en', 'net', 'en clanv2']"
"7","347","7_rebels_spawn_walker_imperials","['rebels', 'spawn', 'walker', 'imperials', 'team', 'get', 'map', 'rebel', 'one', 'objective']"
"8","341","8_content_pvp_bungie_fun","['content', 'pvp', 'bungie', 'fun', 'get', 'dlc', 'played', 'new', 'pc', 'much']"
"9","341","9_troopers_trooper_helmet_stormtroopers","['troopers', 'trooper', 'helmet', 'stormtroopers', 'customization', 'stormtrooper', 'http', 'imperial', 'clone', 'helmetless']"
"10","294","10_pre_access_code_beta","['pre', 'access', 'code', 'beta', 'early', 'download', 'origin', 'pre order', 'order', 'ordered']"
"11","273","11_pc_pass_season pass_season","['pc', 'pass', 'season pass', 'season', 'dlc', 'server', 'ps4', 'servers', 'console', 'buy']"
"12","269","12_servers_server_connection_find","['servers', 'server', 'connection', 'find', 'lag', 'issues', 'region', 'pc', 'problem', 'issue']"
"13","263","13_shader_shaders_armor_looks","['shader', 'shaders', 'armor', 'looks', 'look', 'set', 'helmet', 'gear', 'titan', 'warlock']"
"14","255","14_controller_aim_mouse_aim assist","['controller', 'aim', 'mouse', 'aim assist', 'assist', 'sensitivity', 'roll', 'pc', 'controls', 'keyboard']"
"15","248","15_shot_dl_range_use","['shot', 'dl', 'range', 'use', 'dl 44', '44', 'fire', 'gun', 'ee', 'grenade']"
"16","235","16_bots_skirmish_offline_maps","['bots', 'skirmish', 'offline', 'maps', 'modes', 'ai', 'mode', 'map', 'online', 'multiplayer']"
"17","206","17_raid_group_time_calus","['raid', 'group', 'time', 'calus', 'raids', 'get', 'first', 'guided', 'hours', 'done']"
"18","174","18_luke_vader_hero_leia","['luke', 'vader', 'hero', 'leia', 'boba', 'block', 'heroes', 'saber', 'damage', 'health']"
"19","165","19_heroic_strike_boss_blight","['heroic', 'strike', 'boss', 'blight', 'strikes', 'event', 'nightfall', 'kill', 'damage', 'heroic strikes']"
"20","152","20_fps_cpu_settings_ram","['fps', 'cpu', 'settings', 'ram', 'gtx', 'gpu', 'i5', 'nvidia', 'i7', '1080p']"
"21","138","21_wing_wings_tie_fighter","['wing', 'wings', 'tie', 'fighter', 'lock', 'fighters', 'speed', 'shields', 'flying', 'ship']"
"22","133","22_team_solo_matchmaking_trials","['team', 'solo', 'matchmaking', 'trials', 'match', 'teams', 'competitive', 'players', 'pvp', 'get']"
"23","123","23_hero_heroes_points_team","['hero', 'heroes', 'points', 'team', 'spawn', 'get', 'hvv', 'get hero', 'leia', 'hero hunt']"
"24","109","24_boarding_ship_ships_vehicles","['boarding', 'ship', 'ships', 'vehicles', 'vehicle', 'd0', 'space', 'fighter', 'mode', 'capital']"
"25","103","25_ea_reddit_post_sub","['ea', 'reddit', 'post', 'sub', 'alpha', 'video', 'crates', 'yes', 'yes yes', 'know']"
"26","98","26_forsaken_pass_annual pass_annual","['forsaken', 'pass', 'annual pass', 'annual', 'expansion', 'buy', 'dlc', 'expansion pass', 'warmind', 'expansions']"
"27","97","27_fall damage_fall_damage_jump","['fall damage', 'fall', 'damage', 'jump', 'grenade', 'ion', 'kill', 'imploder', 'killed', 'happened']"
"28","94","28_banned_hack_hackers_hacking","['banned', 'hack', 'hackers', 'hacking', 'ban', 'cheating', 'hacker', 'cheat', 'cheaters', 'hacks']"
"29","94","29_emote_emotes_dance_tusken","['emote', 'emotes', 'dance', 'tusken', 'love', 'one', 'sullustan', 'tusken raider', 'com', 'use']"
"30","90","30_crashes_drivers_windows_hdr","['crashes', 'drivers', 'windows', 'hdr', 'settings', 'windowed', 'driver', 'nvidia', 'issue', 'crash']"
"31","89","31_starwarsbattlefront_www reddit_moderators_message moderators","['starwarsbattlefront', 'www reddit', 'moderators', 'message moderators', 'reddit com', 'removed', 'message', 'moderators https', 'participating starwarsbattlefront', '2fr 2fstarwarsbattlefront']"
"32","88","32_cayde_zavala_dead_uldren","['cayde', 'zavala', 'dead', 'uldren', 'ikora', 'character', 'vanguard', 'guardian', 'exo', 'ghost']"
"33","76","33_chat_voice chat_mmo_voip","['chat', 'voice chat', 'mmo', 'voip', 'voice', 'clan chat', 'pc', 'party', 'friends', 'discord']"
"34","73","34_voice_morrison_clones_luke","['voice', 'morrison', 'clones', 'luke', 'baker', 'clone', 'han', 'jango', 'sounds', 'vader']"
"35","72","35_music_theme_soundtrack_williams","['music', 'theme', 'soundtrack', 'williams', 'john williams', 'https', 'star wars', 'wars', 'youtu', 'youtube']"
"36","67","36_person_first person_3rd_3rd person","['person', 'first person', '3rd', '3rd person', 'third person', 'third', '1st', 'first', '1st person', 'camera']"
"37","63","37_faction_ornaments_rally_fwc","['faction', 'ornaments', 'rally', 'fwc', 'nm', 'faction rally', 'season', 'tokens', 'week', 'pledged']"
"38","60","38_mission_x200b_amp x200b_found","['mission', 'x200b', 'amp x200b', 'found', 'vex', 'amp', 'area', 'jump', 'crystals', 'get']"
"39","55","39_kills_objective_win_kd","['kills', 'objective', 'win', 'kd', 'ratio', 'team', 'control point', 'control', 'kill', 'point']"
"40","53","40_traveler_ghost_lore_cayde","['traveler', 'ghost', 'lore', 'cayde', 'guardian', 'ghaul', 'story', 'rasputin', 'guardians', 'light']"
"41","52","41_vault_items_armor_collection","['vault', 'items', 'armor', 'collection', 'weapons', 'gear', 'vault space', 'space', 'shards', 'set']"
"42","52","42_bowcaster_bow_bows_shot","['bowcaster', 'bow', 'bows', 'shot', 'nerf', 'kill', 'use', 'nerfed', 'damage', 'weapon']"
"43","50","43_squad_friends_spawn_system","['squad', 'friends', 'spawn', 'system', 'squads', 'battlefield', 'party', 'together', 'squad system', 'star wars']"
"44","49","44_week_drop_prophecy_ep","['week', 'drop', 'prophecy', 'ep', 'shotgun', 'key', 'weapon', 'prophecies', 'get', 'vance']"
"45","43","45_mods_glimmer_mod_legendary","['mods', 'glimmer', 'mod', 'legendary', 'blue', 'mod components', 'legendary mods', 'components', 'kinetic', 'buy']"
"46","43","46_imguralbumbot_ignoreme_autplayed_https np","['imguralbumbot', 'ignoreme', 'autplayed', 'https np', 'np reddit', 'com', 'np', 'https', 'com autplayed', 'autplayed imguralbumbot']"
"47","42","47_4k_60fps_console_xbox","['4k', '60fps', 'console', 'xbox', 'tv', 'xbox one', 'fps', 'graphics', '1080p', 'pro']"
"48","41","48_sound_audio_headset_speakers","['sound', 'audio', 'headset', 'speakers', 'problem', 'headphones', 'volume', 'issue', 'music', 'settings']"
"49","40","49_lando_glitch_power blast_patch","['lando', 'glitch', 'power blast', 'patch', 'power', 'blast', 'lando glitch', 'hero', 'fixed', 'hvv']"
"50","39","50_download_update_gb_ps4","['download', 'update', 'gb', 'ps4', 'gigs', 'mb', 'install', 'mine', 'downloaded', '18gb']"
"51","36","51_kills_contracts_hutt_hutt contracts","['kills', 'contracts', 'hutt', 'hutt contracts', 'trophy', 'contract', 'targeting rifle', 'targeting', 'match', 'streak']"
"52","31","52_deluxe_edition_deluxe edition_exclusive","['deluxe', 'edition', 'deluxe edition', 'exclusive', 'pre', 'access', 'early', 'standard', 'pre order', 'days']"
"53","31","53_skins_outfit_skin_luke","['skins', 'outfit', 'skin', 'luke', 'hoth', 'different', 'options', 'rotj', 'pilot', 'customization']"
"54","30","54_motes_bank_gambit_team","['motes', 'bank', 'gambit', 'team', 'blockers', 'mote', '15 motes', 'invading', '15', 'primeval']"
"55","29","55_tweetposter_twitter com_https twitter_com","['tweetposter', 'twitter com', 'https twitter', 'com', 'twitter', 'https', 'https github', 'github com', 'github', 'tweetposter issues']"
"56","27","56_refund_gmg_cancel_pre","['refund', 'gmg', 'cancel', 'pre', 'keys', 'origin', 'email', 'ordered', 'refunded', 'refunds']"
"57","27","57_amp 32_32_amp_32 amp","['amp 32', '32', 'amp', '32 amp', 'mirror', 'github', 'vreddit mirror', 'vreddit', 'https github', 'github com']"
"58","27","58_quest_rat_rat king_king","['quest', 'rat', 'rat king', 'king', 'nightfall', 'equipped', 'step', 'completed', 'fireteam', 'king quest']"
"59","27","59_split screen_screen_split_pc","['split screen', 'screen', 'split', 'pc', 'splitscreen', 'vr', 'co op', 'co', 'free', 'online']"
"60","26","60_coldheart_preorder_code_pre order","['coldheart', 'preorder', 'code', 'pre order', 'pre', 'order', 'cold', 'cold heart', 'december', 'gun']"
"61","25","61_berserker_scout_trait_radar","['berserker', 'scout', 'trait', 'radar', 'damage', 'traits', 'bodyguard', 'level', 'damage resistance', 'bacta']"
"62","25","62_challenges_challenge_daily_daily challenge","['challenges', 'challenge', 'daily', 'daily challenge', 'daily challenges', 'completed', 'kills', 'complete', 'reset', '10']"
"63","25","63_load_loading_ssd_drive","['load', 'loading', 'ssd', 'drive', 'load times', 'external', 'times', 'xbox', 'hard drive', 'ps4']"
"64","23","64_mp4_gif_com_https","['mp4', 'gif', 'com', 'https', 'https np', 'np reddit', 'bot', 'np', 'mb', 'reddit']"
"65","22","65_infuse_legendary_armor_level","['infuse', 'legendary', 'armor', 'level', 'gear', 'infusing', 'mod', 'power', 'mods', 'infused']"
"66","21","66_trait_hand_charges_hands","['trait', 'hand', 'charges', 'hands', 'level', 'die', 'partner', 'traits', 'bug', 'one']"
"67","21","67_faction_rally_faction rally_factions","['faction', 'rally', 'faction rally', 'factions', 'pledge', 'next', 'wait next', 'pledge faction', 'pledged', 'quest']"
"68","20","68_recovery_resilience_mobility_10","['recovery', 'resilience', 'mobility', '10', 'sheet', 'hunter', 'difference', 'resilience recovery', 'titan', 'armor']"
"69","19","69_imgur_wallpaper_com_imgur com","['imgur', 'wallpaper', 'com', 'imgur com', 'wallpapers', 'https', 'http imgur', 'jpg', 'image', 'http']"
"70","18","70_xur_sparrow_sparrows_exotics","['xur', 'sparrow', 'sparrows', 'exotics', 'exotic', 'useless', '160', 'boost', 'speed', 'week']"
"71","17","71_ghost_voice_dinklage_nolan","['ghost', 'voice', 'dinklage', 'nolan', 'shaxx', 'failsafe', 'nolan north', 'peter', 'north', 'voice ghost']"
"72","17","72_party_friends_join_partner","['party', 'friends', 'join', 'partner', '100', 'friend', 'invite', 'server', 'invites', 'main menu']"
"73","17","73_shield_ion_melee_grenade","['shield', 'ion', 'melee', 'grenade', 'personal', 'personal shield', 'shields', 'ion grenade', 'cycler', 'damage']"
"74","16","74_xbox_home xbox_error_home","['xbox', 'home xbox', 'error', 'home', 'issue', 'fix', 'xbox home', 'problem', 'initializing', 'battle net']"
"75","16","75_amaaggregator_totesmessenger_ama_reddit","['amaaggregator', 'totesmessenger', 'ama', 'reddit', 'amaaggregator comments', 'com amaaggregator', 'reddit amaaggregator', 'nbsp follow', 'totesmessenger contact', 'threads info']"
"76","15","76_emblem_emblems_beta_beta emblem","['emblem', 'emblems', 'beta', 'beta emblem', 'played beta', 'tracks', 'supposed get', 'emblem tracks', 'mine', 'want emblem']"
"77","15","77_prime_engrams_prime engrams_engram","['prime', 'engrams', 'prime engrams', 'engram', 'drop', 'rockstar', 'code', 'kills', 'normal', 'prime engram']"
"78","14","78_xur_friday_show_shows","['xur', 'friday', 'show', 'shows', 'location', 'social spaces', 'reset', 'tower', 'minutes', 'later today']"
"79","13","79_mobility_speed_sprint_sprint speed","['mobility', 'speed', 'sprint', 'sprint speed', 'stat', 'hunter', 'faster', 'test', 'recovery', 'walk']"
"80","13","80_officers_wookies_arc_arc troopers","['officers', 'wookies', 'arc', 'arc troopers', 'troopers', 'clone', 'republic', 'resistance', 'commandos', 'clones']"
"81","13","81_milestone_raid_milestones_engram","['milestone', 'raid', 'milestones', 'engram', 'relogging', 'milestone raid', 'engram milestone', 'happened', 'completed', 'weekly']"
"82","13","82_scout_screenshot_printscreen_scr","['scout', 'screenshot', 'printscreen', 'scr', 'ping', 'button', 'phone', 'alt', 'record', 'team']"
"83","12","83_melee_hit_one hit_behind","['melee', 'hit', 'one hit', 'behind', 'hit melee', 'damage', 'health', 'kill', 'hits', 'melee hit']"
"84","12","84_radar_red_competitive_team","['radar', 'red', 'competitive', 'team', 'dot', 'supers', 'close', 'hud', 'circle', 'enemy']"
"85","11","85_tether_orpheus_tree_tethered","['tether', 'orpheus', 'tree', 'tethered', 'quiver', 'rigs', 'orpheus rig', 'super', 'shot', 'orbs']"
"86","11","86_battery_goodbot_goodbot badbot_badbot","['battery', 'goodbot', 'goodbot badbot', 'badbot', 'phonebatterylevelbot', 'bot', 'karma surge', 'surge sh', 'badbot karma', 'http goodbot']"
"87","11","87_titan_vape_browns_mic","['titan', 'vape', 'browns', 'mic', 'punch', 'blues', 'cayde', 'phalanx', 'phalanxes', 'love']"
"88","11","88_class_cards_level_crates","['class', 'cards', 'level', 'crates', 'rank', 'star cards', 'specialist', 'card', 'class level', 'officer']"
"89","11","89_code_pc code_codes_ps4 code","['code', 'pc code', 'codes', 'ps4 code', 'pc', 'key', 'xbox one', 'pc key', 'one code', 'pm']"
"90","10","90_downloaded_download_store_dlc","['downloaded', 'download', 'store', 'dlc', 'playstation store', 'playstation', 'season pass', 'individually', 'pass', 'season']"
"91","10","91_link_file extension_image_extension","['link', 'file extension', 'image', 'extension', 'submission', 'file', 'png', 'end please', 'check works', 'page instead']"
"92","10","92_downvotes_downvoted_comment_downvoted comment","['downvotes', 'downvoted', 'comment', 'downvoted comment', 'reddit', 'edit', 'ea', 'comment reddit', 'reddit history', 'history']"
"93","10","93_stems_resonate_resonate stems_quest","['stems', 'resonate', 'resonate stems', 'quest', 'nascent', 'lost', 'node', 'lost sector', 'step', 'sector']"
"94","10","94_prestige raid_malfeasance_flawless_quest","['prestige raid', 'malfeasance', 'flawless', 'quest', 'portal', 'gambit', 'prestige', 'oracle', 'spawn', 'flawless trials']"
"95","9","95_shot_cannon_pulse cannon_pulse","['shot', 'cannon', 'pulse cannon', 'pulse', 'aimbot', 'charging', 'aim', 'assist', 'aim assist', 'great shot']"
"96","9","96_ttk_pvp_lower ttk_kill","['ttk', 'pvp', 'lower ttk', 'kill', 'lower', 'time', 'want', 'team', 'crucible', 'exist']"
"97","9","97_reload_cooling_skulls_round","['reload', 'cooling', 'skulls', 'round', 'barricade', 'pve', 'rpm', 'cooldowns', 'die', 'use']"
"98","9","98_image_galaxy_background_empire","['image', 'galaxy', 'background', 'empire', 'plot twist', 'plot', 'twist', 'communications', 'roger', 'emperor']"
